{"cameraMode":{"drawMode":0,"name":"Shaded","section":"Shading Mode"},"sceneLighting":false,"audioPlay":false,"sceneViewState":{"showFog":true,"showMaterialUpdate":false,"showSkybox":false,"showFlares":true,"showImageEffects":true,"showParticleSystems":true},"in2DMode":false,"pivot":{"x":0.8102090954780579,"y":0.14252333343029023,"z":0.2616242468357086},"rotation":{"x":-0.18922685086727143,"y":0.2958112359046936,"z":-0.05990520492196083,"w":-0.9343986511230469},"size":3.416368007659912,"orthographic":false}