{"cameraMode":{"drawMode":0,"name":"Shaded","section":"Shading Mode"},"sceneLighting":false,"audioPlay":false,"sceneViewState":{"showFog":true,"showMaterialUpdate":false,"showSkybox":false,"showFlares":true,"showImageEffects":true,"showParticleSystems":true},"in2DMode":false,"pivot":{"x":-0.030810296535491945,"y":-0.0034121274948120119,"z":-0.02946561574935913},"rotation":{"x":-0.252297043800354,"y":0.39756882190704348,"z":-0.1146710142493248,"w":-0.8747212290763855},"size":3.106130361557007,"orthographic":false}