{"cameraMode":{"drawMode":0,"name":"Shaded","section":"Shading Mode"},"sceneLighting":false,"audioPlay":false,"sceneViewState":{"showFog":true,"showMaterialUpdate":false,"showSkybox":false,"showFlares":true,"showImageEffects":true,"showParticleSystems":true},"in2DMode":false,"pivot":{"x":0.07215625047683716,"y":0.16164815425872804,"z":0.10265704989433289},"rotation":{"x":-0.12486143410205841,"y":0.6773005723953247,"z":-0.11822313070297241,"w":-0.7153302431106567},"size":4.269731521606445,"orthographic":false}