{"cameraMode":{"drawMode":0,"name":"Shaded","section":"Shading Mode"},"sceneLighting":false,"audioPlay":false,"sceneViewState":{"showFog":true,"showMaterialUpdate":false,"showSkybox":false,"showFlares":true,"showImageEffects":true,"showParticleSystems":true},"in2DMode":false,"pivot":{"x":-0.0308113694190979,"y":0.04956334829330444,"z":-0.02946561574935913},"rotation":{"x":-0.18922685086727143,"y":0.2958112359046936,"z":-0.05990520492196083,"w":-0.9343986511230469},"size":2.1648330688476564,"orthographic":false}