{"cameraMode":{"drawMode":0,"name":"Shaded","section":"Shading Mode"},"sceneLighting":false,"audioPlay":false,"sceneViewState":{"showFog":true,"showMaterialUpdate":true,"showSkybox":true,"showFlares":true,"showImageEffects":true,"showParticleSystems":true},"in2DMode":false,"pivot":{"x":-0.6817609667778015,"y":9.580939292907715,"z":3.2346534729003908},"rotation":{"x":0.13821545243263246,"y":0.8376489281654358,"z":-0.24814046919345857,"w":0.466560035943985},"size":23.436697006225587,"orthographic":false}