{"cameraMode":{"drawMode":0,"name":"Shaded","section":"Shading Mode"},"sceneLighting":false,"audioPlay":false,"sceneViewState":{"showFog":true,"showMaterialUpdate":true,"showSkybox":true,"showFlares":true,"showImageEffects":true,"showParticleSystems":true},"in2DMode":false,"pivot":{"x":-38.02217102050781,"y":1.3189010620117188,"z":-1.5168766975402833},"rotation":{"x":0.7341104745864868,"y":0.006110729184001684,"z":-0.006607141811400652,"w":0.6789723634719849},"size":50.21664047241211,"orthographic":false}