{"cameraMode":{"drawMode":0,"name":"Shaded","section":"Shading Mode"},"sceneLighting":false,"audioPlay":false,"sceneViewState":{"showFog":true,"showMaterialUpdate":true,"showSkybox":true,"showFlares":true,"showImageEffects":true,"showParticleSystems":true},"in2DMode":false,"pivot":{"x":-0.04364198446273804,"y":0.8948442935943604,"z":0.5603103041648865},"rotation":{"x":-0.48755085468292239,"y":-0.01781713031232357,"z":0.009951736778020859,"w":-0.872856080532074},"size":1.1806858777999879,"orthographic":true}