{"cameraMode":{"drawMode":0,"name":"Shaded","section":"Shading Mode"},"sceneLighting":false,"audioPlay":false,"sceneViewState":{"showFog":true,"showMaterialUpdate":true,"showSkybox":true,"showFlares":true,"showImageEffects":true,"showParticleSystems":true},"in2DMode":false,"pivot":{"x":11.354353904724121,"y":-4.466863632202148,"z":7.930324077606201},"rotation":{"x":-0.09279581904411316,"y":0.8170799612998962,"z":-0.13731791079044343,"w":-0.552192747592926},"size":2.8578848838806154,"orthographic":false}