{"cameraMode":{"drawMode":0,"name":"Shaded","section":"Shading Mode"},"sceneLighting":false,"audioPlay":false,"sceneViewState":{"showFog":true,"showMaterialUpdate":true,"showSkybox":true,"showFlares":true,"showImageEffects":true,"showParticleSystems":true},"in2DMode":false,"pivot":{"x":-0.4396216869354248,"y":1.0250000953674317,"z":1.1319905519485474},"rotation":{"x":0.004980969242751598,"y":0.9909488558769226,"z":-0.12854614853858949,"w":0.03836106136441231},"size":4.209537982940674,"orthographic":false}