{"cameraMode":{"drawMode":0,"name":"Shaded","section":"Shading Mode"},"sceneLighting":false,"audioPlay":false,"sceneViewState":{"showFog":true,"showMaterialUpdate":true,"showSkybox":true,"showFlares":true,"showImageEffects":true,"showParticleSystems":true},"in2DMode":false,"pivot":{"x":-5.70751953125,"y":-3.106689453125,"z":-12.0673828125},"rotation":{"x":0.2210385650396347,"y":-0.19164426624774934,"z":0.04434764385223389,"w":0.9552212953567505},"size":3.918332815170288,"orthographic":true}