{"cameraMode":{"drawMode":0,"name":"Shaded","section":"Shading Mode"},"sceneLighting":false,"audioPlay":false,"sceneViewState":{"showFog":true,"showMaterialUpdate":true,"showSkybox":true,"showFlares":true,"showImageEffects":true,"showParticleSystems":true},"in2DMode":false,"pivot":{"x":-0.7070186138153076,"y":0.5923354625701904,"z":-0.3784751892089844},"rotation":{"x":0.10147237777709961,"y":-0.7107517123222351,"z":0.1048036739230156,"w":0.6881508827209473},"size":2.0113000869750978,"orthographic":false}