{"cameraMode":{"drawMode":0,"name":"Shaded","section":"Shading Mode"},"sceneLighting":false,"audioPlay":false,"sceneViewState":{"showFog":true,"showMaterialUpdate":true,"showSkybox":true,"showFlares":true,"showImageEffects":true,"showParticleSystems":true},"in2DMode":false,"pivot":{"x":254.21604919433595,"y":2.203516960144043,"z":239.2263641357422},"rotation":{"x":0.07887513935565949,"y":-0.2643953561782837,"z":0.02170320227742195,"w":0.9609385132789612},"size":2.6078155040740969,"orthographic":true}