{"cameraMode":{"drawMode":0,"name":"Shaded","section":"Shading Mode"},"sceneLighting":false,"audioPlay":false,"sceneViewState":{"showFog":true,"showMaterialUpdate":true,"showSkybox":true,"showFlares":true,"showImageEffects":true,"showParticleSystems":true},"in2DMode":false,"pivot":{"x":0.004459381103515625,"y":1.006317377090454,"z":-0.31584301590919497},"rotation":{"x":-0.4293348491191864,"y":0.028920218348503114,"z":-0.013780694454908371,"w":-0.9025771021842957},"size":5.994566440582275,"orthographic":false}