{"cameraMode":{"drawMode":0,"name":"Shaded","section":"Shading Mode"},"sceneLighting":false,"audioPlay":false,"sceneViewState":{"showFog":true,"showMaterialUpdate":true,"showSkybox":true,"showFlares":true,"showImageEffects":true,"showParticleSystems":true},"in2DMode":false,"pivot":{"x":4.098164081573486,"y":1.256891131401062,"z":1.9870142936706544},"rotation":{"x":-0.035025060176849368,"y":0.8293996453285217,"z":-0.052315935492515567,"w":-0.5550968647003174},"size":0.4421160817146301,"orthographic":false}