{"cameraMode":{"drawMode":0,"name":"Shaded","section":"Shading Mode"},"sceneLighting":false,"audioPlay":false,"sceneViewState":{"showFog":true,"showMaterialUpdate":true,"showSkybox":true,"showFlares":true,"showImageEffects":true,"showParticleSystems":true},"in2DMode":false,"pivot":{"x":257.1095886230469,"y":1.4850350618362427,"z":235.1365203857422},"rotation":{"x":-0.01737389713525772,"y":0.7316601276397705,"z":0.01866145059466362,"w":0.6811937093734741},"size":1.5632507801055909,"orthographic":true}