{"cameraMode":{"drawMode":0,"name":"Shaded","section":"Shading Mode"},"sceneLighting":false,"audioPlay":false,"sceneViewState":{"showFog":true,"showMaterialUpdate":true,"showSkybox":true,"showFlares":true,"showImageEffects":true,"showParticleSystems":true},"in2DMode":false,"pivot":{"x":-2.2300660610198976,"y":1.0799999237060547,"z":-5.784451961517334},"rotation":{"x":0.28466033935546877,"y":0.46816378831863406,"z":-0.16240647435188294,"w":0.8206188678741455},"size":4.311775207519531,"orthographic":false}