{"cameraMode":{"drawMode":0,"name":"Shaded","section":"Shading Mode"},"sceneLighting":false,"audioPlay":false,"sceneViewState":{"showFog":true,"showMaterialUpdate":true,"showSkybox":true,"showFlares":true,"showImageEffects":true,"showParticleSystems":true},"in2DMode":false,"pivot":{"x":0.618896484375,"y":0.4171142578125,"z":0.35577392578125},"rotation":{"x":0.03980868309736252,"y":-0.687160074710846,"z":0.03776303678750992,"w":0.724433183670044},"size":1.4454413652420045,"orthographic":true}