{"cameraMode":{"drawMode":0,"name":"Shaded","section":"Shading Mode"},"sceneLighting":false,"audioPlay":false,"sceneViewState":{"showFog":true,"showMaterialUpdate":true,"showSkybox":true,"showFlares":true,"showImageEffects":true,"showParticleSystems":true},"in2DMode":false,"pivot":{"x":0.31940633058547976,"y":2.2100000381469728,"z":-3.819999933242798},"rotation":{"x":0.004182763863354921,"y":0.3718932867050171,"z":-0.0016631035832688213,"w":0.9282646179199219},"size":22.0,"orthographic":false}