{"cameraMode":{"drawMode":0,"name":"Shaded","section":"Shading Mode"},"sceneLighting":false,"audioPlay":false,"sceneViewState":{"showFog":true,"showMaterialUpdate":true,"showSkybox":true,"showFlares":true,"showImageEffects":true,"showParticleSystems":true},"in2DMode":false,"pivot":{"x":-0.46131157875061037,"y":8.997271537780762,"z":2.6636457443237306},"rotation":{"x":0.13821545243263246,"y":0.8376489281654358,"z":-0.24814046919345857,"w":0.466560035943985},"size":2.3334531784057619,"orthographic":false}