{"cameraMode":{"drawMode":0,"name":"Shaded","section":"Shading Mode"},"sceneLighting":true,"audioPlay":false,"sceneViewState":{"showFog":true,"showMaterialUpdate":true,"showSkybox":true,"showFlares":true,"showImageEffects":true,"showParticleSystems":true},"in2DMode":false,"pivot":{"x":-2.934272527694702,"y":0.4650845527648926,"z":0.44649648666381838},"rotation":{"x":0.15105675160884858,"y":0.14505775272846223,"z":-0.022417116910219194,"w":0.9775750041007996},"size":4.118751049041748,"orthographic":false}