{"cameraMode":{"drawMode":0,"name":"Shaded","section":"Shading Mode"},"sceneLighting":false,"audioPlay":false,"sceneViewState":{"showFog":true,"showMaterialUpdate":true,"showSkybox":true,"showFlares":true,"showImageEffects":true,"showParticleSystems":true},"in2DMode":false,"pivot":{"x":-2.229410409927368,"y":1.8393932580947877,"z":-6.351337432861328},"rotation":{"x":-0.051807042211294177,"y":-0.9361832141876221,"z":0.31065833568573,"w":-0.15613557398319245},"size":4.6117753982543949,"orthographic":false}