{"cameraMode":{"drawMode":0,"name":"Shaded","section":"Shading Mode"},"sceneLighting":false,"audioPlay":false,"sceneViewState":{"showFog":true,"showMaterialUpdate":true,"showSkybox":true,"showFlares":true,"showImageEffects":true,"showParticleSystems":true},"in2DMode":false,"pivot":{"x":0.0,"y":0.10883212089538574,"z":0.051599979400634769},"rotation":{"x":0.26680707931518557,"y":-0.25625380873680117,"z":0.07383943349123001,"w":0.9261186122894287},"size":3.710545301437378,"orthographic":false}