{"cameraMode":{"drawMode":0,"name":"Shaded","section":"Shading Mode"},"sceneLighting":false,"audioPlay":false,"sceneViewState":{"showFog":true,"showMaterialUpdate":true,"showSkybox":true,"showFlares":true,"showImageEffects":true,"showParticleSystems":true},"in2DMode":false,"pivot":{"x":-0.15441596508026124,"y":1.3484275341033936,"z":0.5790655016899109},"rotation":{"x":0.008315421640872956,"y":0.721127986907959,"z":-0.008651182986795903,"w":0.6927036643028259},"size":2.8578834533691408,"orthographic":false}