{"cameraMode":{"drawMode":0,"name":"Shaded","section":"Shading Mode"},"sceneLighting":false,"audioPlay":false,"sceneViewState":{"showFog":true,"showMaterialUpdate":true,"showSkybox":true,"showFlares":true,"showImageEffects":true,"showParticleSystems":true},"in2DMode":false,"pivot":{"x":0.29908886551856997,"y":1.0429452657699586,"z":0.3847869038581848},"rotation":{"x":0.22129660844802857,"y":-0.5992657542228699,"z":0.17713356018066407,"w":0.7486869692802429},"size":1.4454413652420045,"orthographic":true}