{"cameraMode":{"drawMode":0,"name":"Shaded","section":"Shading Mode"},"sceneLighting":false,"audioPlay":false,"sceneViewState":{"showFog":true,"showMaterialUpdate":true,"showSkybox":true,"showFlares":true,"showImageEffects":true,"showParticleSystems":true},"in2DMode":false,"pivot":{"x":-1.7100000381469727,"y":0.5379999876022339,"z":-2.433000087738037},"rotation":{"x":0.3249244689941406,"y":-0.2006911188364029,"z":0.07078245282173157,"w":0.9214863777160645},"size":2.424995183944702,"orthographic":false}