{"cameraMode":{"drawMode":0,"name":"Shaded","section":"Shading Mode"},"sceneLighting":false,"audioPlay":false,"sceneViewState":{"showFog":true,"showMaterialUpdate":true,"showSkybox":true,"showFlares":true,"showImageEffects":true,"showParticleSystems":true},"in2DMode":false,"pivot":{"x":257.1095886230469,"y":1.4850350618362427,"z":235.1365203857422},"rotation":{"x":-0.02539987862110138,"y":0.956567645072937,"z":0.087770976126194,"w":0.27682051062583926},"size":1.5632507801055909,"orthographic":true}