{"cameraMode":{"drawMode":0,"name":"Shaded","section":"Shading Mode"},"sceneLighting":false,"audioPlay":false,"sceneViewState":{"showFog":true,"showMaterialUpdate":true,"showSkybox":true,"showFlares":true,"showImageEffects":true,"showParticleSystems":true},"in2DMode":false,"pivot":{"x":-0.4396216869354248,"y":0.824999988079071,"z":1.1319905519485474},"rotation":{"x":-2.6530986474426756e-7,"y":-0.988638162612915,"z":7.00352273952376e-8,"w":0.15032626688480378},"size":3.2333264350891115,"orthographic":true}