{"cameraMode":{"drawMode":0,"name":"Shaded","section":"Shading Mode"},"sceneLighting":false,"audioPlay":false,"sceneViewState":{"showFog":true,"showMaterialUpdate":true,"showSkybox":true,"showFlares":true,"showImageEffects":true,"showParticleSystems":true},"in2DMode":false,"pivot":{"x":0.331329345703125,"y":2.5006558895111086,"z":-2.3098292350769045},"rotation":{"x":0.004051173105835915,"y":0.9538384079933167,"z":-0.012874887324869633,"w":0.30002063512802126},"size":19.725963592529298,"orthographic":false}