{"cameraMode":{"drawMode":0,"name":"Shaded","section":"Shading Mode"},"sceneLighting":false,"audioPlay":false,"sceneViewState":{"showFog":true,"showMaterialUpdate":true,"showSkybox":true,"showFlares":true,"showImageEffects":true,"showParticleSystems":true},"in2DMode":false,"pivot":{"x":304.4883728027344,"y":-1.8645143508911133,"z":227.61830139160157},"rotation":{"x":0.20049354434013368,"y":-0.6611946821212769,"z":0.19005534052848817,"w":0.6974976658821106},"size":11.684060096740723,"orthographic":false}