{"cameraMode":{"drawMode":0,"name":"Shaded","section":"Shading Mode"},"sceneLighting":false,"audioPlay":false,"sceneViewState":{"showFog":true,"showMaterialUpdate":true,"showSkybox":true,"showFlares":true,"showImageEffects":true,"showParticleSystems":true},"in2DMode":false,"pivot":{"x":-15.307668685913086,"y":5.697380065917969,"z":-5.881742477416992},"rotation":{"x":0.4415643513202667,"y":0.0228757131844759,"z":-0.011262129992246628,"w":0.8968700170516968},"size":194.46902465820313,"orthographic":false}