{"cameraMode":{"drawMode":0,"name":"Shaded","section":"Shading Mode"},"sceneLighting":false,"audioPlay":false,"sceneViewState":{"showFog":true,"showMaterialUpdate":true,"showSkybox":true,"showFlares":true,"showImageEffects":true,"showParticleSystems":true},"in2DMode":false,"pivot":{"x":0.5399999618530273,"y":0.8252000212669373,"z":-3.4800000190734865},"rotation":{"x":0.20458334684371949,"y":0.5778628587722778,"z":-0.15246641635894776,"w":0.7752252817153931},"size":2.7428481578826906,"orthographic":false}