{"cameraMode":{"drawMode":0,"name":"Shaded","section":"Shading Mode"},"sceneLighting":false,"audioPlay":false,"sceneViewState":{"showFog":true,"showMaterialUpdate":true,"showSkybox":true,"showFlares":true,"showImageEffects":true,"showParticleSystems":true},"in2DMode":false,"pivot":{"x":0.735106348991394,"y":0.7909965515136719,"z":3.402278184890747},"rotation":{"x":0.051112499088048938,"y":-0.9242728352546692,"z":0.13345712423324586,"w":0.3539723753929138},"size":0.45788395404815676,"orthographic":false}