{"cameraMode":{"drawMode":0,"name":"Shaded","section":"Shading Mode"},"sceneLighting":false,"audioPlay":false,"sceneViewState":{"showFog":true,"showMaterialUpdate":true,"showSkybox":true,"showFlares":true,"showImageEffects":true,"showParticleSystems":true},"in2DMode":false,"pivot":{"x":0.2331046760082245,"y":1.2718515396118165,"z":0.45982837677001955},"rotation":{"x":0.12657135725021363,"y":-0.7115865349769592,"z":0.13279853761196137,"w":0.6782248020172119},"size":2.233555316925049,"orthographic":false}