{"cameraMode":{"drawMode":0,"name":"Shaded","section":"Shading Mode"},"sceneLighting":true,"audioPlay":false,"sceneViewState":{"showFog":true,"showMaterialUpdate":true,"showSkybox":true,"showFlares":true,"showImageEffects":true,"showParticleSystems":true},"in2DMode":false,"pivot":{"x":6.058778762817383,"y":3.270538568496704,"z":2.2739529609680177},"rotation":{"x":-0.0911429300904274,"y":0.8707049489021301,"z":-0.17632067203521729,"w":-0.44999533891677859},"size":-2.181248426437378,"orthographic":false}