{"cameraMode":{"drawMode":0,"name":"Shaded","section":"Shading Mode"},"sceneLighting":false,"audioPlay":false,"sceneViewState":{"showFog":true,"showMaterialUpdate":true,"showSkybox":true,"showFlares":true,"showImageEffects":true,"showParticleSystems":true},"in2DMode":false,"pivot":{"x":11.354353904724121,"y":-4.466863632202148,"z":7.930324077606201},"rotation":{"x":0.08396583050489426,"y":0.7381465435028076,"z":-0.09349861741065979,"w":0.6628329753875732},"size":2.8578848838806154,"orthographic":false}