{"cameraMode":{"drawMode":0,"name":"Shaded","section":"Shading Mode"},"sceneLighting":false,"audioPlay":false,"sceneViewState":{"showFog":true,"showMaterialUpdate":true,"showSkybox":true,"showFlares":true,"showImageEffects":true,"showParticleSystems":true},"in2DMode":false,"pivot":{"x":-1.016187310218811,"y":1.8002351522445679,"z":1.142502784729004},"rotation":{"x":0.12676407396793366,"y":-0.28864970803260805,"z":0.03858956694602966,"w":0.9482226967811585},"size":4.1356201171875,"orthographic":true}