{"cameraMode":{"drawMode":0,"name":"Shaded","section":"Shading Mode"},"sceneLighting":false,"audioPlay":false,"sceneViewState":{"showFog":true,"showMaterialUpdate":true,"showSkybox":true,"showFlares":true,"showImageEffects":true,"showParticleSystems":true},"in2DMode":false,"pivot":{"x":-1.8401364088058472,"y":2.121299982070923,"z":2.0760550498962404},"rotation":{"x":0.21933715045452119,"y":-0.19744010269641877,"z":0.045376889407634738,"w":0.9543848633766174},"size":2.5373899936676027,"orthographic":true}