{"cameraMode":{"drawMode":0,"name":"Shaded","section":"Shading Mode"},"sceneLighting":true,"audioPlay":false,"sceneViewState":{"showFog":true,"showMaterialUpdate":true,"showSkybox":true,"showFlares":true,"showImageEffects":true,"showParticleSystems":true},"in2DMode":false,"pivot":{"x":-8.619197845458985,"y":1.1342777013778687,"z":1.8554614782333375},"rotation":{"x":0.3863894045352936,"y":-0.14490024745464326,"z":0.06159044802188873,"w":0.9088184833526611},"size":27.170677185058595,"orthographic":false}