{"cameraMode":{"drawMode":0,"name":"Shaded","section":"Shading Mode"},"sceneLighting":false,"audioPlay":false,"sceneViewState":{"showFog":true,"showMaterialUpdate":true,"showSkybox":true,"showFlares":true,"showImageEffects":true,"showParticleSystems":true},"in2DMode":false,"pivot":{"x":-0.04364198446273804,"y":0.8948442935943604,"z":0.5603103041648865},"rotation":{"x":-0.3444356918334961,"y":0.4130735993385315,"z":-0.17240922152996064,"w":-0.8252336382865906},"size":1.3473587036132813,"orthographic":true}