{"cameraMode":{"drawMode":0,"name":"Shaded","section":"Shading Mode"},"sceneLighting":true,"audioPlay":false,"sceneViewState":{"showFog":true,"showMaterialUpdate":true,"showSkybox":true,"showFlares":true,"showImageEffects":true,"showParticleSystems":true},"in2DMode":false,"pivot":{"x":0.21977663040161134,"y":0.3915224075317383,"z":-0.47628355026245119},"rotation":{"x":0.14642712473869325,"y":-0.8298187851905823,"z":0.2566930651664734,"w":0.4733591079711914},"size":5.401710033416748,"orthographic":false}