{"cameraMode":{"drawMode":0,"name":"Shaded","section":"Shading Mode"},"sceneLighting":false,"audioPlay":false,"sceneViewState":{"showFog":true,"showMaterialUpdate":true,"showSkybox":true,"showFlares":true,"showImageEffects":true,"showParticleSystems":true},"in2DMode":false,"pivot":{"x":-0.019600650295615197,"y":1.8649433851242066,"z":0.051513671875},"rotation":{"x":0.46989476680755618,"y":-0.165456160902977,"z":0.09014450758695603,"w":0.8623839616775513},"size":1.1504919528961182,"orthographic":false}