{"cameraMode":{"drawMode":0,"name":"Shaded","section":"Shading Mode"},"sceneLighting":false,"audioPlay":false,"sceneViewState":{"showFog":true,"showMaterialUpdate":true,"showSkybox":true,"showFlares":true,"showImageEffects":true,"showParticleSystems":true},"in2DMode":false,"pivot":{"x":-0.46131157875061037,"y":8.997271537780762,"z":2.6636457443237306},"rotation":{"x":0.6278132200241089,"y":0.26070642471313479,"z":-0.23566527664661408,"w":0.6945103406906128},"size":4.733453273773193,"orthographic":false}