{"cameraMode":{"drawMode":0,"name":"Shaded","section":"Shading Mode"},"sceneLighting":false,"audioPlay":false,"sceneViewState":{"showFog":true,"showMaterialUpdate":true,"showSkybox":true,"showFlares":true,"showImageEffects":true,"showParticleSystems":true},"in2DMode":false,"pivot":{"x":0.78955078125,"y":1.52276611328125,"z":2.101318359375},"rotation":{"x":0.15228521823883058,"y":-0.3613331615924835,"z":0.05994466319680214,"w":0.9179620742797852},"size":2.4386255741119386,"orthographic":true}