{"cameraMode":{"drawMode":0,"name":"Shaded","section":"Shading Mode"},"sceneLighting":false,"audioPlay":false,"sceneViewState":{"showFog":true,"showMaterialUpdate":true,"showSkybox":true,"showFlares":true,"showImageEffects":true,"showParticleSystems":true},"in2DMode":false,"pivot":{"x":1.9015464782714844,"y":1.9159998893737794,"z":0.8754808902740479},"rotation":{"x":0.45929139852523806,"y":0.5387083888053894,"z":-0.46679621934890749,"w":0.5300507545471191},"size":2.8578834533691408,"orthographic":false}