{"cameraMode":{"drawMode":0,"name":"Shaded","section":"Shading Mode"},"sceneLighting":false,"audioPlay":false,"sceneViewState":{"showFog":true,"showMaterialUpdate":true,"showSkybox":true,"showFlares":true,"showImageEffects":true,"showParticleSystems":true},"in2DMode":false,"pivot":{"x":-1.7100000381469727,"y":0.5299999713897705,"z":-3.4800000190734865},"rotation":{"x":0.0031767862383276226,"y":-0.8645531535148621,"z":0.5025013089179993,"w":0.00549683952704072},"size":2.424995183944702,"orthographic":false}