{"cameraMode":{"drawMode":0,"name":"Shaded","section":"Shading Mode"},"sceneLighting":false,"audioPlay":false,"sceneViewState":{"showFog":true,"showMaterialUpdate":true,"showSkybox":true,"showFlares":true,"showImageEffects":true,"showParticleSystems":true},"in2DMode":false,"pivot":{"x":3.9000000953674318,"y":0.5799999833106995,"z":13.300000190734864},"rotation":{"x":0.23702745139598847,"y":0.026837565004825593,"z":-0.0065584550611674789,"w":0.9711100459098816},"size":22.0,"orthographic":false}