{"cameraMode":{"drawMode":0,"name":"Shaded","section":"Shading Mode"},"sceneLighting":false,"audioPlay":false,"sceneViewState":{"showFog":true,"showMaterialUpdate":true,"showSkybox":true,"showFlares":true,"showImageEffects":true,"showParticleSystems":true},"in2DMode":false,"pivot":{"x":307.1981201171875,"y":0.31716465950012209,"z":233.05062866210938},"rotation":{"x":0.1265508383512497,"y":-0.011276684701442719,"z":0.0014337105676531792,"w":0.9918950200080872},"size":14.882699012756348,"orthographic":false}