{"cameraMode":{"drawMode":0,"name":"Shaded","section":"Shading Mode"},"sceneLighting":false,"audioPlay":false,"sceneViewState":{"showFog":true,"showMaterialUpdate":true,"showSkybox":true,"showFlares":true,"showImageEffects":true,"showParticleSystems":true},"in2DMode":false,"pivot":{"x":-2.2300660610198976,"y":1.0799999237060547,"z":-5.784451961517334},"rotation":{"x":-0.3682660162448883,"y":-0.033495400100946429,"z":0.013282852247357369,"w":-0.9290220141410828},"size":4.311775207519531,"orthographic":false}