{"cameraMode":{"drawMode":0,"name":"Shaded","section":"Shading Mode"},"sceneLighting":false,"audioPlay":false,"sceneViewState":{"showFog":true,"showMaterialUpdate":true,"showSkybox":true,"showFlares":true,"showImageEffects":true,"showParticleSystems":true},"in2DMode":false,"pivot":{"x":314.3166198730469,"y":4.536194801330566,"z":207.7237091064453},"rotation":{"x":0.2110566794872284,"y":-0.5200192928314209,"z":0.13439053297042848,"w":0.816684901714325},"size":5.259975910186768,"orthographic":true}