{"cameraMode":{"drawMode":0,"name":"Shaded","section":"Shading Mode"},"sceneLighting":false,"audioPlay":false,"sceneViewState":{"showFog":true,"showMaterialUpdate":true,"showSkybox":true,"showFlares":true,"showImageEffects":true,"showParticleSystems":true},"in2DMode":false,"pivot":{"x":-1.000001072883606,"y":1.0000005960464478,"z":2.1768674850463869},"rotation":{"x":0.22131627798080445,"y":-0.3757970333099365,"z":0.09292098134756088,"w":0.8950762748718262},"size":0.9598430395126343,"orthographic":true}