{"cameraMode":{"drawMode":0,"name":"Shaded","section":"Shading Mode"},"sceneLighting":false,"audioPlay":false,"sceneViewState":{"showFog":true,"showMaterialUpdate":true,"showSkybox":true,"showFlares":true,"showImageEffects":true,"showParticleSystems":true},"in2DMode":false,"pivot":{"x":-2.090461254119873,"y":1.1784676313400269,"z":-5.912292957305908},"rotation":{"x":-0.011347295716404915,"y":-0.8452543020248413,"z":0.5339449048042297,"w":-0.017970886081457139},"size":2.8117752075195314,"orthographic":false}