{"cameraMode":{"drawMode":0,"name":"Shaded","section":"Shading Mode"},"sceneLighting":false,"audioPlay":false,"sceneViewState":{"showFog":true,"showMaterialUpdate":true,"showSkybox":true,"showFlares":true,"showImageEffects":true,"showParticleSystems":true},"in2DMode":false,"pivot":{"x":-5.79686975479126,"y":1.129764437675476,"z":3.104158639907837},"rotation":{"x":0.004980969242751598,"y":0.9909488558769226,"z":-0.12854614853858949,"w":0.03836106136441231},"size":22.0,"orthographic":false}