{"cameraMode":{"drawMode":0,"name":"Shaded","section":"Shading Mode"},"sceneLighting":false,"audioPlay":false,"sceneViewState":{"showFog":true,"showMaterialUpdate":true,"showSkybox":true,"showFlares":true,"showImageEffects":true,"showParticleSystems":true},"in2DMode":false,"pivot":{"x":11.354353904724121,"y":-4.466863632202148,"z":7.930324077606201},"rotation":{"x":-0.10753190517425537,"y":0.8481534719467163,"z":-0.1887759268283844,"w":-0.4831549823284149},"size":2.8578848838806154,"orthographic":false}