{"cameraMode":{"drawMode":0,"name":"Shaded","section":"Shading Mode"},"sceneLighting":false,"audioPlay":false,"sceneViewState":{"showFog":true,"showMaterialUpdate":true,"showSkybox":true,"showFlares":true,"showImageEffects":true,"showParticleSystems":true},"in2DMode":false,"pivot":{"x":-0.0008502783603034914,"y":-9.48991329963178e-10,"z":-0.0015797378728166223},"rotation":{"x":0.0599571131169796,"y":-0.5115980505943298,"z":0.03581824526190758,"w":0.8563849329948425},"size":2.8578836917877199,"orthographic":true}