{"cameraMode":{"drawMode":0,"name":"Shaded","section":"Shading Mode"},"sceneLighting":false,"audioPlay":false,"sceneViewState":{"showFog":true,"showMaterialUpdate":true,"showSkybox":true,"showFlares":true,"showImageEffects":true,"showParticleSystems":true},"in2DMode":false,"pivot":{"x":-2.2300660610198976,"y":1.0799999237060547,"z":-5.784451961517334},"rotation":{"x":-0.4343946874141693,"y":0.010773572139441967,"z":-0.005193293560296297,"w":-0.9006432294845581},"size":4.311775207519531,"orthographic":false}