{"cameraMode":{"drawMode":0,"name":"Shaded","section":"Shading Mode"},"sceneLighting":false,"audioPlay":false,"sceneViewState":{"showFog":true,"showMaterialUpdate":true,"showSkybox":true,"showFlares":true,"showImageEffects":true,"showParticleSystems":true},"in2DMode":false,"pivot":{"x":-9.635444641113282,"y":0.09999999403953552,"z":-21.815149307250978},"rotation":{"x":0.16835303604602815,"y":-0.21543729305267335,"z":0.0377366803586483,"w":0.9611555337905884},"size":0.8573637008666992,"orthographic":true}