{"cameraMode":{"drawMode":0,"name":"Shaded","section":"Shading Mode"},"sceneLighting":false,"audioPlay":false,"sceneViewState":{"showFog":true,"showMaterialUpdate":true,"showSkybox":true,"showFlares":true,"showImageEffects":true,"showParticleSystems":true},"in2DMode":false,"pivot":{"x":254.21604919433595,"y":2.203516960144043,"z":239.2263641357422},"rotation":{"x":0.10115081071853638,"y":-0.5701010823249817,"z":0.07099921256303787,"w":0.8122274875640869},"size":2.6078155040740969,"orthographic":true}