{"cameraMode":{"drawMode":0,"name":"Shaded","section":"Shading Mode"},"sceneLighting":true,"audioPlay":false,"sceneViewState":{"showFog":true,"showMaterialUpdate":true,"showSkybox":true,"showFlares":true,"showImageEffects":true,"showParticleSystems":true},"in2DMode":false,"pivot":{"x":30.73170280456543,"y":1.7299422025680543,"z":50.1887092590332},"rotation":{"x":0.032499443739652637,"y":0.8547793030738831,"z":-0.05392200127243996,"w":0.5151693820953369},"size":17.81981658935547,"orthographic":false}