{"cameraMode":{"drawMode":0,"name":"Shaded","section":"Shading Mode"},"sceneLighting":false,"audioPlay":false,"sceneViewState":{"showFog":true,"showMaterialUpdate":true,"showSkybox":true,"showFlares":true,"showImageEffects":true,"showParticleSystems":true},"in2DMode":false,"pivot":{"x":-1.12092924118042,"y":0.7345254421234131,"z":0.26905369758605959},"rotation":{"x":-0.004478245507925749,"y":0.9821454882621765,"z":0.023578675463795663,"w":0.18658803403377534},"size":17.211027145385743,"orthographic":false}