{"cameraMode":{"drawMode":0,"name":"Shaded","section":"Shading Mode"},"sceneLighting":false,"audioPlay":false,"sceneViewState":{"showFog":true,"showMaterialUpdate":true,"showSkybox":true,"showFlares":true,"showImageEffects":true,"showParticleSystems":true},"in2DMode":false,"pivot":{"x":0.23002943396568299,"y":1.3577289581298829,"z":0.7130811214447022},"rotation":{"x":0.1577167958021164,"y":-0.24400562047958375,"z":0.04025571420788765,"w":0.9560158252716065},"size":3.54349684715271,"orthographic":false}