{"cameraMode":{"drawMode":0,"name":"Shaded","section":"Shading Mode"},"sceneLighting":false,"audioPlay":false,"sceneViewState":{"showFog":true,"showMaterialUpdate":true,"showSkybox":true,"showFlares":true,"showImageEffects":true,"showParticleSystems":true},"in2DMode":false,"pivot":{"x":318.033203125,"y":15.862323760986329,"z":213.30064392089845},"rotation":{"x":0.2210385650396347,"y":-0.19164426624774934,"z":0.04434764385223389,"w":0.9552212953567505},"size":2.8249645233154299,"orthographic":true}