{"cameraMode":{"drawMode":0,"name":"Shaded","section":"Shading Mode"},"sceneLighting":false,"audioPlay":false,"sceneViewState":{"showFog":true,"showMaterialUpdate":true,"showSkybox":true,"showFlares":true,"showImageEffects":true,"showParticleSystems":true},"in2DMode":false,"pivot":{"x":-1.7100000381469727,"y":0.5379999876022339,"z":-3.686000108718872},"rotation":{"x":0.19978554546833039,"y":-0.27914875745773318,"z":0.059513550251722339,"w":0.9373472929000855},"size":2.424995183944702,"orthographic":false}