{"cameraMode":{"drawMode":0,"name":"Shaded","section":"Shading Mode"},"sceneLighting":false,"audioPlay":false,"sceneViewState":{"showFog":true,"showMaterialUpdate":true,"showSkybox":true,"showFlares":true,"showImageEffects":true,"showParticleSystems":true},"in2DMode":false,"pivot":{"x":2.2899999618530275,"y":0.0,"z":11.145000457763672},"rotation":{"x":-0.4244093596935272,"y":0.0005406314739957452,"z":-0.0002534121449571103,"w":-0.9054699540138245},"size":14.304262161254883,"orthographic":false}