{"cameraMode":{"drawMode":0,"name":"Shaded","section":"Shading Mode"},"sceneLighting":false,"audioPlay":false,"sceneViewState":{"showFog":true,"showMaterialUpdate":true,"showSkybox":true,"showFlares":true,"showImageEffects":true,"showParticleSystems":true},"in2DMode":false,"pivot":{"x":0.36399996280670168,"y":0.5320000052452087,"z":-4.153354644775391},"rotation":{"x":0.11229636520147324,"y":-0.8863906860351563,"z":0.3421662449836731,"w":0.2909010052680969},"size":2.9897348880767824,"orthographic":false}