{"cameraMode":{"drawMode":0,"name":"Shaded","section":"Shading Mode"},"sceneLighting":false,"audioPlay":false,"sceneViewState":{"showFog":true,"showMaterialUpdate":true,"showSkybox":true,"showFlares":true,"showImageEffects":true,"showParticleSystems":true},"in2DMode":false,"pivot":{"x":-2.8947231769561769,"y":2.2360923290252687,"z":-5.566041469573975},"rotation":{"x":0.03356126323342323,"y":0.8980206847190857,"z":-0.43313097953796389,"w":0.06960268318653107},"size":1.952505350112915,"orthographic":false}