{"cameraMode":{"drawMode":0,"name":"Shaded","section":"Shading Mode"},"sceneLighting":false,"audioPlay":false,"sceneViewState":{"showFog":true,"showMaterialUpdate":true,"showSkybox":true,"showFlares":true,"showImageEffects":true,"showParticleSystems":true},"in2DMode":false,"pivot":{"x":12.00000286102295,"y":0.49999916553497317,"z":1.999999761581421},"rotation":{"x":0.29953163862228396,"y":-0.6996122598648071,"z":0.4375501275062561,"w":0.4789368808269501},"size":2.8579015731811525,"orthographic":true}