{"cameraMode":{"drawMode":0,"name":"Shaded","section":"Shading Mode"},"sceneLighting":false,"audioPlay":false,"sceneViewState":{"showFog":true,"showMaterialUpdate":true,"showSkybox":true,"showFlares":true,"showImageEffects":true,"showParticleSystems":true},"in2DMode":false,"pivot":{"x":0.18116508424282075,"y":1.3531028032302857,"z":-6.482914447784424},"rotation":{"x":0.10335523635149002,"y":0.500956654548645,"z":-0.06040576472878456,"w":0.8571574687957764},"size":4.545234203338623,"orthographic":false}