{"cameraMode":{"drawMode":0,"name":"Shaded","section":"Shading Mode"},"sceneLighting":false,"audioPlay":false,"sceneViewState":{"showFog":true,"showMaterialUpdate":true,"showSkybox":true,"showFlares":true,"showImageEffects":true,"showParticleSystems":true},"in2DMode":false,"pivot":{"x":318.2928161621094,"y":15.796476364135743,"z":213.77285766601563},"rotation":{"x":0.2210385650396347,"y":-0.19164426624774934,"z":0.04434764385223389,"w":0.9552212953567505},"size":1.7679399251937867,"orthographic":true}