{"cameraMode":{"drawMode":0,"name":"Shaded","section":"Shading Mode"},"sceneLighting":false,"audioPlay":false,"sceneViewState":{"showFog":true,"showMaterialUpdate":true,"showSkybox":true,"showFlares":true,"showImageEffects":true,"showParticleSystems":true},"in2DMode":false,"pivot":{"x":-0.22765837609767915,"y":9.917670249938965,"z":2.7605996131896974},"rotation":{"x":0.17768654227256776,"y":0.7612429261207581,"z":-0.5780988335609436,"w":0.2339717000722885},"size":3.5334529876708986,"orthographic":false}