{"cameraMode":{"drawMode":0,"name":"Shaded","section":"Shading Mode"},"sceneLighting":false,"audioPlay":false,"sceneViewState":{"showFog":true,"showMaterialUpdate":true,"showSkybox":true,"showFlares":true,"showImageEffects":true,"showParticleSystems":true},"in2DMode":false,"pivot":{"x":304.2124328613281,"y":1.005000114440918,"z":198.53518676757813},"rotation":{"x":0.003792527364566922,"y":-0.9955247640609741,"z":0.0457250140607357,"w":0.08261479437351227},"size":4.041658401489258,"orthographic":true}