{"cameraMode":{"drawMode":0,"name":"Shaded","section":"Shading Mode"},"sceneLighting":false,"audioPlay":false,"sceneViewState":{"showFog":true,"showMaterialUpdate":true,"showSkybox":true,"showFlares":true,"showImageEffects":true,"showParticleSystems":true},"in2DMode":false,"pivot":{"x":0.6706033945083618,"y":0.5197791457176209,"z":0.3232116401195526},"rotation":{"x":-0.05163373425602913,"y":0.5284755825996399,"z":-0.032222043722867969,"w":-0.8467640280723572},"size":3.5417091846466066,"orthographic":false}