{"cameraMode":{"drawMode":0,"name":"Shaded","section":"Shading Mode"},"sceneLighting":false,"audioPlay":false,"sceneViewState":{"showFog":true,"showMaterialUpdate":true,"showSkybox":true,"showFlares":true,"showImageEffects":true,"showParticleSystems":true},"in2DMode":false,"pivot":{"x":-2.090461254119873,"y":1.1784676313400269,"z":-5.912292957305908},"rotation":{"x":0.00739345233887434,"y":-0.9202185869216919,"z":0.017393669113516809,"w":0.3909560441970825},"size":2.8117752075195314,"orthographic":false}