{"cameraMode":{"drawMode":0,"name":"Shaded","section":"Shading Mode"},"sceneLighting":false,"audioPlay":false,"sceneViewState":{"showFog":true,"showMaterialUpdate":true,"showSkybox":true,"showFlares":true,"showImageEffects":true,"showParticleSystems":true},"in2DMode":false,"pivot":{"x":1.4725685119628907,"y":0.5104961395263672,"z":-1.9629931449890137},"rotation":{"x":0.047935329377651218,"y":0.7555058002471924,"z":-0.055627286434173587,"w":0.6510136127471924},"size":25.671592712402345,"orthographic":false}