{"cameraMode":{"drawMode":0,"name":"Shaded","section":"Shading Mode"},"sceneLighting":false,"audioPlay":false,"sceneViewState":{"showFog":true,"showMaterialUpdate":true,"showSkybox":true,"showFlares":true,"showImageEffects":true,"showParticleSystems":true},"in2DMode":false,"pivot":{"x":314.3324279785156,"y":4.8566083908081059,"z":207.99012756347657},"rotation":{"x":-0.07574153691530228,"y":-0.8883527517318726,"z":0.42420172691345217,"w":-0.15857355296611787},"size":27.251142501831056,"orthographic":false}