{"cameraMode":{"drawMode":0,"name":"Shaded","section":"Shading Mode"},"sceneLighting":false,"audioPlay":false,"sceneViewState":{"showFog":true,"showMaterialUpdate":true,"showSkybox":true,"showFlares":true,"showImageEffects":true,"showParticleSystems":true},"in2DMode":false,"pivot":{"x":-0.8274876475334168,"y":9.22572135925293,"z":3.2116811275482179},"rotation":{"x":0.04945714771747589,"y":0.9400290846824646,"z":-0.1550779789686203,"w":0.29976269602775576},"size":0.23345333337783814,"orthographic":false}